{
  "project_info": {
    "project_number": "885336724957",
    "firebase_url": "https://codeacekotlin-default-rtdb.firebaseio.com",
    "project_id": "codeacekotlin",
    "storage_bucket": "codeacekotlin.appspot.com"
  },
  "client": [
    {
      "client_info": {
        "mobilesdk_app_id": "1:885336724957:android:4f059531c618fa06f59234",
        "android_client_info": {
          "package_name": "com.finalProject"
        }
      },
      "oauth_client": [],
      "api_key": [
        {
          "current_key": "AIzaSyDmG_T-yxjYj8Wq-hQn_nBywB2nyhGutDQ"
        }
      ],
      "services": {
        "appinvite_service": {
          "other_platform_oauth_client": []
        }
      }
    }
  ],
  "configuration_version": "1"
}